Country,Count
United Kingdom,2842
United States,422
Vietnam,278
Romania,198
India,174
Indonesia,166
South Korea,121
Türkiye,84
Canada,75
Singapore,73
Brazil,69
Ecuador,67
Iran,61
Sweden,59
Bangladesh,56
Germany,56
France,44
Switzerland,42
China,35
Paraguay,35
Hong Kong,34
Sri Lanka,32
Thailand,32
Spain,30
Israel,28
The Netherlands,27
Bolivia,27
United Arab Emirates,26
Colombia,23
Chile,23
Cameroon,22
Mexico,21
Dominican Republic,20
Japan,17
Mozambique,16
Philippines,16
Bulgaria,15
El Salvador,14
Kazakhstan,12
Venezuela,10
Russia,10
Denmark,9
Australia,9
Slovenia,8
Croatia,8
Tanzania,7
Iraq,7
Italy,7
Uzbekistan,7
Ukraine,6
Egypt,5
Myanmar,5
Czechia,4
Taiwan,3
Uruguay,2
Costa Rica,2
Argentina,2
Finland,2
Malaysia,2
Belgium,1
Peru,1
Bosnia and Herzegovina,1
Senegal,1
Lebanon,1
