src_ip,count
143.110.240.17,145
2.57.122.96,98
213.209.159.159,90
188.226.168.173,89
2.57.121.25,85
187.85.187.100,81
80.94.92.182,51
80.94.92.184,44
181.167.144.229,43
2.57.122.208,42
207.46.224.85,36
116.99.172.210,34
37.59.110.4,34
43.156.230.201,30
195.178.110.218,30
27.79.42.244,29
165.22.242.160,23
91.92.243.49,21
23.97.62.145,18
2.57.121.112,17
186.10.86.130,15
2.57.122.238,14
80.94.92.171,10
92.118.39.72,8
185.156.73.233,7
130.250.191.199,6
125.76.228.194,5
101.36.106.113,5
138.197.107.71,5
45.207.221.76,5
85.184.248.187,5
187.212.40.215,5
147.50.227.79,5
197.153.57.103,5
157.66.34.121,5
79.116.21.0,5
103.63.25.153,5
185.196.10.227,5
80.102.218.187,5
211.106.133.202,5
130.12.180.51,5
101.47.135.95,5
182.93.50.90,5
45.162.8.14,5
101.36.111.119,5
180.138.194.82,5
180.93.172.213,5
173.212.228.191,5
43.157.209.93,5
115.85.80.12,5
95.231.249.182,5
200.69.236.207,5
45.78.198.158,5
101.32.145.199,5
103.171.85.115,5
156.238.252.133,5
186.68.83.105,5
49.204.74.149,5
109.206.241.199,5
135.235.138.43,5
43.160.200.19,5
116.176.61.91,5
115.91.48.142,5
41.33.91.226,5
116.71.136.125,5
115.241.83.2,5
171.231.181.56,5
13.81.183.28,5
135.237.122.43,5
45.148.10.121,4
193.46.255.86,4
45.87.249.155,4
171.231.183.35,2
80.94.92.168,2
192.42.116.95,2
14.103.117.86,2
120.48.137.21,2
179.43.186.241,2
47.253.55.165,1
185.91.69.217,1
77.90.185.17,1
211.221.196.103,1
120.48.36.106,1
49.64.169.153,1
163.7.8.88,1
176.65.139.111,1
31.57.92.158,1
2.27.46.115,1
119.255.245.44,1
23.95.188.162,1
36.212.217.15,1
