username,count
root,108
0,64
345gs5662d34,50
admin,14
support,10
test,5
postgres,5
dev,4
david,4
monitor,4
kernnp,4
nginx,4
tech,4
admin123,4
leo,3
gitlab-runner,3
stream,3
icap,3
ekzam,3
hack,3
ubuntu,3
cs616,3
runner,3
user41,3
portal,3
deployer,3
gl10,3
us15,3
zhumengjie,3
Apicha,3
luke_skywalker,3
ben,2
kingbase,2
soladium,2
netadmin,2
kvm,2
yangende,2
s10philomina,2
user16,2
xingjiajun,2
amikhnavets,2
jinruihong,2
xiaoyuan,2
argebarikat,2
nobita,2
www-data,2
a1angel,2
dev2,2
truthscreen,2
data_admin,2
javadpazahr,2
5905,2
rezvani,2
liberty-bridge,2
hiddify-panel,2
xrdpuser,2
gmod,2
yarn,2
s7koita,2
vhserver,2
s8ericaf03,2
exofresh,2
varnish,2
a1clarisse,2
sysadm,2
prs,2
mingwanhsu,2
nbe,2
ec2,2
ubuntu2,2
cs354,2
tester,2
firoozeh,2
s10amy,2
eth1,2
riyuexinbandaoti,2
jvb,2
nprobe,2
nginxuser,2
RDwarmup,2
gregordowz,2
consola,2
manoj,2
a1mamadou,2
student,2
gitlab-psql,2
developer1,2
esearch,2
ubnt,2
yunwei,2
usernew,2
a1stephane,2
x,2
cs377,2
noreply,2
jetpappernet_usr,2
mongodbe,2
testuser,2
acc-manager,2
shanghaizhanxin,2
SJ05,2
ati,2
mike,2
webuzo,2
user24,2
parsa,2
dspace,2
Alice,2
a1jones,2
appuser,2
cs201,2
raaj,2
murong,2
redmine,2
nathan,2
bobi,2
peter,2
ate,2
i,2
guest,2
s10george,2
jules,2
publico,2
jack,2
dbadmin,2
ghost,2
remoto,2
weblogic,2
norbert,2
qyw,2
aasif,2
minecraft,2
cloudserver,2
idavies,2
greenbank,2
user37,2
user81,2
centos,2
alemao,2
weiyingjie,2
digital,2
db2fenc1,2
vagrant,2
oracle,2
nmills,2
mobile,2
sadmin,2
s7emmanuel,2
morris,2
jellyfin,2
hduser,2
user,2
rohitdg,2
nvidia,2
s10carol,2
ansible,2
azverev,2
admins,2
zobr,2
prakash,2
us16,2
wangjiayao,2
stam,2
ganeshdg,2
sergey,2
ansadmin,2
pgbouncer,2
avi,2
es,2
tim,2
user87,2
placement,2
arun,2
ansibleadm,2
customer,2
diana.castro,2
oscar,2
paperclip,2
hanliangheng,2
pi,2
sem3,2
sharief,2
mvs,2
kafka,2
nodejs,2
arango,2
er,2
aporaudio,2
SJ12,2
ashishr,1
administrateur,1
s9jerome,1
s-config-10,1
user7,1
cs219,1
us28,1
phonesystem,1
cs231,1
searxng,1
cs235,1
ilori0611,1
ethereum,1
docker,1
rohinasri,1
data,1
hive,1
manish,1
rclone,1
jinxiaolu,1
cs360,1
infra,1
cs607,1
f-config--9,1
ftpuser1,1
downloader,1
us31,1
guled,1
s8marjorie,1
codex,1
cs618,1
visan,1
app,1
cs236,1
n-config-10,1
cs307,1
hajar,1
raja,1
clawdbot,1
user31,1
Tnmadmin,1
5920,1
s-config-3,1
user84,1
us14,1
xuze,1
justin,1
gl13,1
lscpd,1
eproc2db,1
rocky2,1
a-config--16,1
trinity,1
callahan,1
vpn,1
calc,1
s10baffour,1
user55,1
cs203,1
sachin,1
user2,1
blackcard_lo_usr,1
s4adelaide,1
baba,1
zengxiangsheng5120,1
fastmail,1
utssrrep,1
victor,1
cyberpanel,1
splunk,1
a-config-14,1
fbl,1
a1joshanozie,1
s10mary,1
a1deicole,1
cs606,1
crypto,1
s8speechee,1
octa,1
kasm,1
stdadmin,1
italiano,1
salah,1
picofall13,1
pey10,1
cs212,1
5934,1
russo,1
anas,1
chenyangjun,1
adrian,1
xuwenting,1
claw,1
igaldahan,1
gzh,1
user89,1
vbox,1
kernbm,1
SJ06,1
potok,1
tairitsu,1
mathar,1
noama,1
munin,1
kernma,1
a1bahati,1
azureuser,1
ptutika,1
chijuchang,1
santiago.rodriguez,1
s7pierre,1
5917,1
julien,1
cgs,1
s10emmanuel,1
5928,1
fahimeh,1
frappe-user,1
cs210,1
prachi,1
us74,1
yd01,1
api,1
cloudendure,1
SJ09,1
emo,1
esteban,1
liuchuliang,1
super,1
test_user,1
elastic,1
system,1
superadmin,1
jiffyapp-usr,1
rasoul,1
debian,1
at,1
user38,1
gl03,1
spamd,1
s9sophia,1
us53,1
keyonly,1
pey18,1
mohammad,1
free,1
noob,1
gaopeng,1
jinyahui,1
wc63wzo,1
a1michael,1
xvels,1
gmodserver,1
loom,1
s8marilyn,1
saurabh,1
module,1
s7maximillien,1
cs218,1
jarias,1
mongodb,1
s8jacintha,1
thin,1
s7thimone,1
abuse,1
3d_res,1
panfs-1-jfletcher-svc,1
chanin,1
honzav,1
xuxiaoying,1
juliano,1
rahele,1
newuser,1
s8vicky,1
sftpuser,1
kjwt,1
stack,1
zeeshan,1
gl11,1
bitnami,1
qw,1
s7deji,1
user58,1
ntest,1
mwconf,1
eve,1
ahmadi,1
liuzhimei,1
telemt,1
user4,1
webtest,1
passwd,1
orpak,1
kernmm,1
o3-root,1
bhdr,1
florin,1
sales,1
systemx,1
student_03_315603ff5ae8,1
mobiquity,1
kylo_ren,1
shimi0392,1
khodadoostalireza,1
rishabh,1
steam,1
mtproto-proxy,1
asterisk,1
a1eveline,1
xinzhu3gongyi,1
jupyter,1
dmdba,1
s9aziza,1
ocres,1
engineer1,1
s10akin,1
bita,1
user68,1
s10christian,1
calvin2,1
hesam,1
gl12,1
io,1
public,1
a-config-15,1
app_jelx_uk_usr,1
libuuid,1
cjy,1
jfletcher,1
us36,1
a1nancy,1
s10ritchy,1
americano,1
majid,1
maria.hernandez,1
a1christelle,1
us9,1
bitrix,1
cs202,1
cs226,1
master,1
kubernetes,1
nspadm,1
yucheng,1
test02,1
hdfs,1
tactical,1
linux,1
user6,1
pey2,1
development,1
user49,1
cs622,1
s10boateng,1
us3,1
cs604,1
nikita,1
ftpadmin,1
solr,1
alii,1
5914,1
cs225,1
stas,1
support1,1
user93,1
user43,1
demo,1
f-config--10,1
gizmodo,1
user69,1
fanjunjian,1
liyang,1
s3ramath,1
greeter,1
beautyqueensplanet,1
mitmproxyuser,1
jarjar_binks,1
vscode,1
amavis,1
arch,1
tunnel,1
sol,1
ameriebyo,1
SJ07,1
user85,1
lisi,1
roman,1
gary,1
skakulia,1
antivir,1
ogp_server_runner,1
s8enyowo,1
finnix,1
foundry,1
uts,1
5921,1
techuser,1
debainftp,1
tob,1
raju,1
yealink,1
amit,1
us25,1
user8,1
ramesh,1
us63,1
n-config-04,1
enshrouded,1
kunshiroot,1
sambauser,1
YS03,1
user66,1
sem5,1
5931,1
sufeel,1
ps,1
ftp_client,1
styx,1
prince,1
zroot,1
developer,1
ark,1
dredall,1
key1,1
safari,1
a1theresia,1
s7steph,1
cs624,1
dev-ansb,1
a1arlex,1
user27,1
leyla,1
us81,1
pbsdata,1
s8wanji,1
prowlarr,1
samanali,1
cs367,1
utsb,1
guanyue,1
us12,1
cs214,1
sa,1
activemq,1
jiangsuqiwei,1
ecorner,1
s8zavier,1
s10merl,1
admin1234,1
bob,1
5904,1
admin-manager,1
kipt,1
barman,1
a1owner,1
binusr,1
5935,1
user75,1
juhauxill,1
bigdata,1
sanjay,1
ecs-user,1
pey8,1
f-config-15,1
s8josiane,1
pey1,1
user36,1
cs366,1
s1jeff,1
danya,1
xinzhu3shebei,1
panfs-2-jenkins-svc,1
s10femi,1
jiejiebandaoti,1
mahziar,1
george,1
n-config-09,1
cs304,1
hrl,1
keycloak,1
test2,1
dampf,1
caoanqi,1
a1jureto,1
wso2,1
tempuser,1
maps,1
yarp,1
vdura,1
Victor,1
emei,1
user98,1
therwi,1
tangqi,1
ecustomer,1
n-config-06,1
s2joel,1
CG04,1
nstoll,1
ivan,1
sonia,1
armin,1
cy,1
t1,1
ranger,1
brute,1
cs610,1
daemon,1
podman,1
doris,1
news,1
testuser2,1
arpit_jain,1
hamed2,1
hushengjie,1
gokul,1
ryan,1
adminuser,1
grml,1
kernpr,1
gl16,1
kub,1
blue,1
han_solo,1
sgeadmin,1
fctadmin,1
s8stephane,1
kms,1
hujiahao,1
reza,1
zhangjp,1
aleksandra_bulgaka,1
secscan,1
a-config--20,1
ashish,1
aiuser,1
escritorio,1
jasdeep,1
s8paule,1
gemma,1
ben_kenobi,1
llorens,1
zhangyongzhi,1
cs364,1
SJ04,1
liuxiaozhou,1
avoronov,1
mail,1
polkitd,1
zhangpei,1
s5duplex,1
springboot,1
cs211,1
s10sobia,1
priya,1
upmpdcli,1
cs213,1
cs206,1
s7mensah,1
backdoor,1
cs625,1
user67,1
mohamed,1
hongji,1
arpwatch,1
larasail,1
cs221,1
vilichev,1
user01,1
cs379,1
chewbacca,1
user73,1
tommy,1
omsagent,1
huaibin,1
terraria,1
swapna,1
linuxuser,1
edgar,1
iqnolifod,1
aic,1
zhanglin,1
wsl,1
priyanka,1
kishorev,1
jaydan,1
jira,1
5933,1
amine,1
hussein,1
mma,1
machangshuai,1
paperresearc_usr,1
ewhey,1
user59,1
lucunli,1
u2,1
s7solomon,1
hassanjawaiddts9,1
in,1
s5ndeye,1
office69,1
tgk,1
5932,1
gl07,1
us43,1
azure,1
user12,1
a1amadi,1
zhangjilei,1
library,1
s-config2,1
person,1
s10fmj,1
felipe.suarez,1
postfix,1
dan,1
s7sandargo,1
us24,1
sangoma,1
a-config-12,1
us10,1
pzserver,1
a-config--21,1
us71,1
aes-admin,1
almalinux,1
moodle,1
alexis,1
omid,1
fred,1
jeff,1
couchdb,1
leonjalfon1,1
amalkov,1
localuser,1
cs215,1
us49,1
sonar,1
lsfadmin,1
cs220,1
emps,1
cs358,1
zhang,1
student1,1
client,1
pws127,1
ss,1
os,1
ikehuh,1
user65,1
neo4j,1
admin5,1
user1,1
dawid_bozek,1
git,1
vyos,1
deploy,1
default,1
user78,1
cs305,1
alma,1
jelx_uk_usr,1
cheeki,1
starpaperpos_usr,1
jenkins,1
grid,1
pakchoi,1
frontend,1
anritsu,1
ftpuser,1
tianshanshan,1
cs200,1
polarx,1
cs608,1
rancher,1
cs222,1
unl1,1
s10roland,1
rhel,1
rstudio-server,1
kali,1
github-runner,1
dnstt,1
ftphuang,1
bot,1
mkbot,1
itadmin,1
kasm_db,1
shabnam,1
us35,1
nastaran,1
user05,1
games,1
zhangyanchi,1
gdcl-koha,1
gns3,1
jmonroe,1
alexei,1
rocky,1
webminadmin,1
landa,1
hlvps,1
share,1
linda,1
luca,1
user94,1
artoo_detoo,1
power,1
sbin,1
sorin,1
sysops,1
dolphinscheduler,1
s9liwens,1
prem,1
billy,1
lvx,1
root2,1
julianharty,1
outuser1c,1
cs311,1
dmitri_zavadski,1
user19,1
s10pearl,1
chen,1
5908,1
s10djan,1
oo,1
5919,1
odoo17,1
lnxsaidareddy,1
a-config--05,1
odoo15,1
us57,1
s9alseny,1
samuel,1
toor,1
jtbsdba,1
teresa,1
cp_postgres,1
kylin,1
testing,1
padmav,1
user92,1
discordbot,1
kishore,1
openclaw,1
randomt,1
a1innocent,1
rootadmin,1
s7auriole,1
